Date,Close
0,1.592667
1,1.588667
2,1.464000
3,1.280000
4,1.074000
5,1.053333
6,1.164000
7,1.160000
8,1.136667
9,1.209333
10,1.322667
11,1.326000
12,1.376000
13,1.460667
14,1.353333
15,1.348000
16,1.400000
17,1.419333
18,1.396667
19,1.370000
20,1.381333
21,1.356667
22,1.329333
23,1.394667
24,1.463333
25,1.417333
26,1.363333
27,1.306000
28,1.306667
29,1.268667
30,1.193333
31,1.173333
32,1.221333
33,1.252000
34,1.276667
35,1.251333
36,1.252667
37,1.273333
38,1.342000
39,1.280000
40,1.326667
41,1.316667
42,1.313333
43,1.324667
44,1.298667
45,1.363333
46,1.404000
47,1.403333
48,1.369333
49,1.393333
50,1.380667
51,1.344667
52,1.381333
53,1.408000
54,1.465333
55,1.396000
56,1.348667
57,1.404000
58,1.384667
59,1.324667
60,1.304000
61,1.340000
62,1.368667
63,1.426667
64,1.465333
65,1.360667
66,1.373333
67,1.399333
68,1.408000
69,1.364000
70,1.362000
71,1.362000
72,1.349333
73,1.349333
74,1.369333
75,1.383333
76,1.369333
77,1.348667
78,1.336667
79,1.376667
80,1.383333
81,1.381333
82,1.390000
83,1.424000
84,1.400000
85,1.412667
86,1.456000
87,1.427333
88,1.416667
89,1.451333
90,1.660000
91,1.629333
92,1.665333
93,1.642000
94,1.957333
95,1.869333
96,1.989333
97,2.053333
98,1.978000
99,1.966000
100,1.992667
101,2.066000
102,2.226667
103,2.304667
104,2.364667
105,2.354667
106,2.288667
107,2.355333
108,2.290000
109,2.156667
110,2.099333
111,2.020667
112,2.104000
113,2.158000
114,2.136667
115,2.101333
116,2.036667
117,1.902000
118,1.973333
119,2.054000
120,2.090667
121,2.113333
122,2.150667
123,2.175333
124,2.006000
125,1.703333
126,1.760667
127,1.848667
128,1.766667
129,1.775333
130,1.774667
131,1.778000
132,1.788667
133,1.858667
134,1.882667
135,1.896667
136,1.797333
137,1.797333
138,1.748000
139,1.716667
140,1.709333
141,1.602000
142,1.508000
143,1.536000
144,1.632667
145,1.645333
146,1.650000
147,1.661333
148,1.600667
149,1.606667
150,1.594000
151,1.596000
152,1.575333
153,1.564000
154,1.538000
155,1.632667
156,1.547333
157,1.548000
158,1.550000
159,1.538667
160,1.522667
161,1.648667
162,1.573333
163,1.545333
164,1.458000
165,1.455333
166,1.502000
167,1.574000
168,1.592667
169,1.596000
170,1.601333
171,1.624000
172,1.663333
173,1.662667
174,1.644000
175,1.648000
176,1.600667
177,1.604667
178,1.550000
179,1.530000
180,1.521333
181,1.520667
182,1.530667
183,1.515333
184,1.479333
185,1.480667
186,1.488667
187,1.516667
188,1.550000
189,1.594667
190,1.580667
191,1.850000
192,1.777333
193,1.722000
194,1.780000
195,1.766000
196,1.816000
197,1.766000
198,1.684667
199,1.643333
200,1.662000
201,1.676000
202,1.705333
203,1.668667
204,1.677333
205,1.716667
206,1.782667
207,1.759333
208,1.795333
209,1.805333
210,1.844000
211,1.840000
212,1.830000
213,1.791333
214,1.779333
215,1.762667
216,1.808000
217,1.860667
218,1.888667
219,1.804667
220,1.844667
221,1.836667
222,1.773333
223,1.730667
224,1.756667
225,1.880000
226,1.864667
227,1.788000
228,1.781333
229,1.932000
230,1.965333
231,1.970000
232,2.009333
233,1.901333
234,1.917333
235,2.008667
236,1.913333
237,1.891333
238,1.808000
239,1.841333
240,1.857333
241,1.895333
242,1.906667
243,1.821333
244,1.766667
245,1.766667
246,1.734000
247,1.835333
248,1.814000
249,1.847333
250,1.838000
251,1.830667
252,1.874000
253,1.886000
254,1.942000
255,1.934667
256,1.942667
257,1.930667
258,1.982000
259,1.920667
260,1.890000
261,1.878000
262,1.909333
263,1.840667
264,1.838667
265,1.815333
266,1.859333
267,1.912667
268,1.913333
269,1.952667
270,1.899333
271,1.866667
272,1.842667
273,1.878000
274,1.878000
275,1.918000
276,1.822667
277,1.813333
278,1.650000
279,1.616000
280,1.576000
281,1.670667
282,1.588000
283,1.686667
284,1.754000
285,1.748667
286,1.740000
287,1.722000
288,1.617333
289,1.486667
290,1.463333
291,1.530667
292,1.591333
293,1.540667
294,1.582000
295,1.647333
296,1.642000
297,1.649333
298,1.600000
299,1.538000
300,1.529333
301,1.589333
302,1.574000
303,1.531333
304,1.525333
305,1.605333
306,1.622667
307,1.654667
308,1.720000
309,1.718000
310,1.734000
311,1.723333
312,1.708667
313,1.758667
314,1.701333
315,1.746000
316,1.639333
317,1.608000
318,1.626000
319,1.582000
320,1.577333
321,1.691333
322,1.797333
323,1.799333
324,1.858667
325,1.840667
326,1.853333
327,1.862667
328,1.870000
329,1.828000
330,1.889333
331,1.838000
332,1.822667
333,1.868667
334,1.903333
335,1.883333
336,1.865333
337,1.917333
338,1.991333
339,1.958000
340,1.925333
341,1.914000
342,2.164000
343,2.154000
344,2.084667
345,2.122667
346,2.058667
347,2.088667
348,2.242667
349,2.214667
350,2.262000
351,2.329333
352,2.245333
353,2.173333
354,2.117333
355,2.138000
356,2.096667
357,2.110667
358,2.170667
359,2.116667
360,2.182667
361,2.173333
362,2.220000
363,2.294667
364,2.324667
365,2.279333
366,2.059333
367,2.069333
368,2.027333
369,1.963333
370,1.902000
371,1.908000
372,1.866667
373,1.850000
374,1.860000
375,1.838000
376,1.851333
377,1.860000
378,1.904667
379,1.900667
380,1.915333
381,1.904000
382,1.872000
383,1.847333
384,1.808000
385,1.794000
386,1.816667
387,1.841333
388,1.882000
389,1.883333
390,1.519333
391,1.773333
392,1.787333
393,1.784000
394,1.773333
395,1.784667
396,1.828000
397,1.864667
398,1.929333
399,1.955333
400,1.971333
401,1.938000
402,1.972000
403,2.016667
404,2.076667
405,2.120000
406,2.106667
407,2.128667
408,2.172000
409,2.073333
410,2.099333
411,2.211333
412,2.240000
413,2.278667
414,2.331333
415,2.300000
416,2.281333
417,2.302000
418,2.250000
419,2.241333
420,2.254000
421,2.227333
422,2.294000
423,2.269333
424,2.251333
425,2.207333
426,2.208000
427,2.204667
428,2.316000
429,2.400667
430,2.406000
431,2.352667
432,2.333333
433,2.354667
434,2.332000
435,2.330667
436,2.343333
437,2.293333
438,2.272000
439,2.493333
440,2.529333
441,2.523333
442,2.488667
443,2.482667
444,2.438667
445,2.534000
446,2.333333
447,2.298667
448,2.210000
449,2.164000
450,2.206000
451,2.229333
452,2.239333
453,2.150000
454,2.149333
455,2.177333
456,2.210667
457,2.210667
458,2.129333
459,2.121333
460,2.194000
461,2.232667
462,2.222667
463,2.208667
464,2.252000
465,2.262667
466,2.164000
467,2.122000
468,2.164667
469,2.012667
470,2.004000
471,2.197333
472,2.150000
473,2.004000
474,1.962000
475,1.945333
476,1.904667
477,1.837333
478,1.918000
479,2.053333
480,2.068000
481,2.018667
482,1.987333
483,2.112667
484,2.027333
485,1.966667
486,1.876667
487,1.858667
488,1.860667
489,1.948000
490,1.928667
491,2.005333
492,1.941333
493,1.977333
494,1.984667
495,1.959333
496,1.994000
497,2.122667
498,2.139333
499,2.252000
500,2.146000
501,2.252667
502,2.207333
503,2.107333
504,2.130667
505,2.094000
506,2.086000
507,2.026667
508,2.044000
509,2.082000
510,2.066000
511,2.099333
512,2.084667
513,2.100667
514,2.180000
515,2.283333
516,2.397333
517,2.223333
518,2.143333
519,2.151333
520,2.119333
521,2.044000
522,1.989333
523,1.930000
524,1.875333
525,1.967333
526,1.823333
527,1.828000
528,1.750000
529,1.740000
530,1.818000
531,1.884667
532,2.016667
533,1.939333
534,1.960667
535,1.996000
536,2.078000
537,1.961333
538,1.960000
539,2.020000
540,2.000667
541,1.967333
542,1.940667
543,1.996667
544,2.048667
545,1.966667
546,1.888000
547,1.912667
548,1.894000
549,1.894000
550,1.901333
551,1.876000
552,1.862667
553,1.903333
554,1.956667
555,1.824667
556,1.853333
557,1.885333
558,1.965333
559,2.026000
560,2.169333
561,2.089333
562,2.070000
563,2.060000
564,2.001333
565,2.044000
566,1.844000
567,1.836000
568,1.899333
569,1.952000
570,1.944000
571,1.986667
572,1.953333
573,1.960000
574,1.926000
575,1.950000
576,1.891333
577,1.893333
578,1.888000
579,1.842667
580,1.822000
581,1.870667
582,1.921333
583,1.869333
584,1.849333
585,1.856667
586,1.892667
587,1.828000
588,1.834667
589,1.825333
590,1.875333
591,1.950000
592,1.928000
593,2.100000
594,2.076667
595,2.102667
596,2.087333
597,2.021333
598,2.071333
599,2.107333
600,2.092000
601,2.054667
602,2.122667
603,2.194667
604,2.200000
605,2.164667
606,2.142000
607,2.151333
608,2.143333
609,2.215333
610,2.246000
611,2.254667
612,2.308000
613,2.260000
614,2.247333
615,2.260000
616,2.278000
617,2.304667
618,2.352000
619,2.350667
620,2.240667
621,2.254000
622,2.293333
623,2.306000
624,2.307333
625,2.295333
626,2.266667
627,2.285333
628,2.239333
629,2.246000
630,2.214667
631,2.258000
632,2.357333
633,2.318000
634,2.293333
635,2.289333
636,2.245333
637,2.242667
638,2.235333
639,2.194000
640,2.217333
641,2.260000
642,2.273333
643,2.292000
644,2.301333
645,2.346000
646,2.400000
647,2.466000
648,2.465333
649,2.535333
650,2.530000
651,2.501333
652,2.500667
653,2.553333
654,2.516000
655,2.542000
656,2.611333
657,2.632000
658,2.616000
659,2.561333
660,2.526000
661,2.563333
662,2.551333
663,2.469333
664,2.618667
665,2.569333
666,2.344000
667,2.407333
668,2.292000
669,2.295333
670,2.340000
671,2.322000
672,2.310000
673,2.372000
674,2.443333
675,2.512667
676,2.548667
677,2.564667
678,2.606667
679,2.608000
680,2.598667
681,2.456667
682,2.352667
683,2.343333
684,2.338667
685,2.396667
686,2.400667
687,2.441333
688,2.502000
689,2.524000
690,2.544000
691,2.526000
692,2.928667
693,2.956000
694,2.740000
695,2.800667
696,2.758000
697,2.788667
698,2.700000
699,2.790667
700,2.906000
701,2.916667
702,2.886667
703,3.039333
704,3.030000
705,3.131333
706,3.188667
707,3.346000
708,3.400667
709,3.362000
710,3.466667
711,3.413333
712,3.662667
713,3.599333
714,3.552000
715,3.607333
716,3.636667
717,3.966667
718,3.700667
719,3.719333
720,4.626667
721,5.117333
722,5.853333
723,5.549333
724,5.656000
725,6.150000
726,6.100000
727,5.996000
728,5.839333
729,5.816000
730,6.182000
731,6.472000
732,7.355333
733,6.975333
734,6.996667
735,6.517333
736,6.172667
737,6.322667
738,6.358000
739,6.490000
740,6.802667
741,6.670000
742,6.298000
743,6.515333
744,6.545333
745,6.686667
746,6.813333
747,6.892667
748,6.978667
749,6.710000
750,6.636667
751,6.766000
752,6.826667
753,7.048000
754,7.283333
755,7.157333
756,7.812000
757,7.854667
758,7.682667
759,8.006000
760,8.107333
761,8.230000
762,8.151333
763,8.374000
764,8.660000
765,8.484000
766,7.270000
767,8.016667
768,7.935333
769,7.978667
770,8.162000
771,8.182667
772,8.113333
773,8.271333
774,8.626000
775,8.974667
776,8.782667
777,8.952000
778,9.036667
779,9.200000
780,9.645333
781,9.476667
782,8.948667
783,10.232000
784,10.200000
785,9.825333
786,9.695333
787,9.290667
788,9.311333
789,9.466667
790,9.660000
791,9.972000
792,9.857333
793,10.473333
794,10.789333
795,10.948000
796,11.134000
797,11.096667
798,11.070667
799,11.266667
800,11.262667
801,11.374667
802,11.328667
803,11.131333
804,10.713333
805,11.091333
806,10.901333
807,10.995333
808,11.036000
809,11.105333
810,11.082000
811,11.081333
812,11.861333
813,12.226000
814,12.074000
815,12.155333
816,12.349333
817,12.576000
818,12.726667
819,12.891333
820,12.866667
821,12.063333
822,11.554000
823,12.065333
824,12.204667
825,11.648667
826,11.252000
827,11.528667
828,11.913333
829,11.981333
830,12.262667
831,12.237333
832,12.186667
833,12.226667
834,11.506667
835,11.436000
836,10.966667
837,11.543333
838,11.310667
839,10.857333
840,10.964667
841,10.614667
842,10.662667
843,10.811333
844,11.680000
845,11.787333
846,10.077333
847,9.318000
848,9.196667
849,9.646667
850,9.186667
851,9.246667
852,9.173333
853,9.030000
854,8.105333
855,8.406000
856,8.074000
857,8.140000
858,8.092000
859,8.056000
860,8.033333
861,8.462667
862,8.485333
863,8.278000
864,9.646667
865,9.263333
866,9.365333
867,9.157333
868,9.440000
869,9.479333
870,9.310000
871,9.831333
872,9.843333
873,9.862667
874,10.164000
875,9.865333
876,9.381333
877,9.549333
878,9.570000
879,10.094000
880,10.366667
881,10.074667
882,10.162667
883,10.028667
884,10.006667
885,9.970667
886,9.800000
887,9.957333
888,10.085333
889,9.835333
890,9.714667
891,9.289333
892,10.751333
893,10.942000
894,11.398000
895,11.334000
896,11.778667
897,11.904000
898,12.100000
899,11.640000
900,11.308000
901,11.892000
902,11.682000
903,12.189333
904,12.094000
905,11.807333
906,11.915333
907,11.628000
908,11.892000
909,12.435333
910,13.104000
911,13.108000
912,13.021333
913,13.308667
914,13.215333
915,13.580000
916,12.909333
917,13.998000
918,13.973333
919,14.510000
920,16.533333
921,16.866667
922,16.836000
923,16.320667
924,16.704000
925,16.989332
926,16.844000
927,16.862667
928,16.414000
929,15.922667
930,15.627333
931,16.099333
932,15.852667
933,15.398000
934,15.598667
935,16.002666
936,15.722667
937,15.660667
938,15.259333
939,14.678000
940,14.696000
941,14.197333
942,13.821333
943,14.158000
944,13.896667
945,14.464667
946,15.352667
947,15.026667
948,14.148667
949,13.834667
950,14.364000
951,14.462000
952,13.612667
953,13.585333
954,13.206000
955,12.927333
956,13.274000
957,13.208000
958,13.625333
959,14.576000
960,13.866000
961,13.857333
962,13.323333
963,13.234000
964,13.794667
965,13.859333
966,13.848667
967,14.060667
968,14.440667
969,13.818667
970,13.423333
971,11.906000
972,12.150667
973,12.311333
974,12.677333
975,12.708000
976,12.572667
977,12.770667
978,13.072667
979,13.020000
980,13.296667
981,13.658667
982,13.820000
983,14.104000
984,14.016000
985,14.016000
986,13.851333
987,13.646667
988,13.662667
989,13.599333
990,13.793333
991,13.878000
992,13.687333
993,13.486667
994,13.631333
995,13.568000
996,13.761333
997,14.974000
998,15.444667
999,15.141333
1000,15.186000
1001,15.306000
1002,15.814667
1003,15.500000
1004,15.792667
1005,15.706667
1006,15.937333
1007,16.004000
1008,15.981333
1009,15.295333
1010,15.283333
1011,14.844000
1012,14.604667
1013,14.870667
1014,14.630667
1015,14.542000
1016,15.113333
1017,14.638667
1018,14.477333
1019,14.360000
1020,14.668000
1021,14.702667
1022,14.638667
1023,14.832667
1024,14.902667
1025,14.904667
1026,14.988000
1027,15.000667
1028,15.261333
1029,14.886667
1030,15.551333
1031,15.901333
1032,15.899333
1033,16.595333
1034,16.826000
1035,16.542000
1036,17.288000
1037,17.330667
1038,17.354000
1039,17.425333
1040,17.467333
1041,17.329332
1042,17.117332
1043,17.047333
1044,16.955999
1045,17.118668
1046,17.503332
1047,17.449333
1048,17.549999
1049,17.590668
1050,17.980000
1051,18.941334
1052,18.746000
1053,19.069332
1054,18.492666
1055,18.807333
1056,18.565332
1057,18.740000
1058,18.687332
1059,18.613333
1060,16.924000
1061,17.382668
1062,17.425333
1063,17.587999
1064,17.288000
1065,16.668667
1066,16.694000
1067,16.809334
1068,16.463333
1069,16.440001
1070,16.350668
1071,16.178667
1072,16.016001
1073,16.761333
1074,17.014000
1075,17.374666
1076,17.304667
1077,17.285334
1078,17.134001
1079,15.794000
1080,14.972667
1081,15.137333
1082,15.313333
1083,15.090000
1084,15.165333
1085,15.364667
1086,15.689333
1087,15.406667
1088,15.686000
1089,15.682667
1090,14.778000
1091,16.184668
1092,15.873333
1093,15.910667
1094,16.113333
1095,16.172667
1096,15.928667
1097,15.398000
1098,16.081333
1099,16.013332
1100,16.128668
1101,16.738667
1102,16.606667
1103,16.780001
1104,17.245333
1105,16.931999
1106,17.180000
1107,16.516001
1108,16.580667
1109,16.185333
1110,16.448000
1111,16.539333
1112,16.562668
1113,16.301332
1114,15.442667
1115,15.428667
1116,15.286667
1117,15.218667
1118,14.914000
1119,14.290667
1120,14.459333
1121,13.989333
1122,13.925333
1123,13.800000
1124,13.602667
1125,13.187333
1126,13.721333
1127,14.550667
1128,14.619333
1129,14.840000
1130,14.731333
1131,14.817333
1132,15.188000
1133,15.047333
1134,14.815333
1135,14.827333
1136,14.620667
1137,14.006000
1138,14.085333
1139,14.063333
1140,14.041333
1141,13.777333
1142,13.480667
1143,13.616667
1144,12.846000
1145,12.791333
1146,12.871333
1147,12.795333
1148,13.104667
1149,13.441333
1150,13.419333
1151,13.770000
1152,13.732000
1153,13.291333
1154,13.680000
1155,13.573333
1156,14.062667
1157,14.557333
1158,14.570000
1159,14.732667
1160,14.490667
1161,14.498667
1162,14.419333
1163,14.186667
1164,13.525333
1165,13.584667
1166,13.623333
1167,13.630667
1168,14.114000
1169,14.474000
1170,13.822667
1171,13.607333
1172,13.584000
1173,13.812667
1174,13.556000
1175,13.155333
1176,13.304000
1177,13.496000
1178,13.375333
1179,12.925333
1180,12.725333
1181,12.688000
1182,12.916000
1183,12.738000
1184,12.578667
1185,13.046667
1186,12.982000
1187,13.380667
1188,13.043333
1189,13.205333
1190,13.308667
1191,13.448000
1192,12.953333
1193,12.694000
1194,12.333333
1195,12.704667
1196,12.584667
1197,12.506000
1198,12.733333
1199,13.540000
1200,13.550000
1201,13.844667
1202,14.006000
1203,14.060000
1204,13.985333
1205,13.830667
1206,13.855333
1207,13.780000
1208,13.786000
1209,13.684667
1210,13.960667
1211,14.629333
1212,14.573333
1213,14.562000
1214,15.436667
1215,15.365333
1216,15.496667
1217,15.070000
1218,15.068667
1219,15.367333
1220,15.530000
1221,15.362000
1222,15.786667
1223,15.774000
1224,15.966000
1225,16.316000
1226,16.212000
1227,16.273333
1228,16.589333
1229,16.583332
1230,16.476000
1231,16.290001
1232,16.374666
1233,16.515333
1234,16.497334
1235,16.495333
1236,16.763332
1237,16.719999
1238,16.629999
1239,16.556667
1240,16.599333
1241,16.394667
1242,16.609333
1243,17.086000
1244,17.066668
1245,16.713333
1246,16.760668
1247,16.712667
1248,16.691999
1249,16.874666
1250,17.360666
1251,17.459333
1252,17.500668
1253,17.319332
1254,17.844667
1255,17.677999
1256,17.919333
1257,17.806000
1258,17.468000
1259,17.884001
1260,17.943333
1261,18.667999
1262,18.648001
1263,17.858667
1264,16.997334
1265,17.194668
1266,17.276667
1267,17.477333
1268,17.709999
1269,17.542667
1270,17.778667
1271,18.310667
1272,18.817333
1273,17.784666
1274,17.858000
1275,17.813334
1276,17.694000
1277,16.867332
1278,17.654667
1279,17.587999
1280,17.785999
1281,17.743334
1282,17.332666
1283,17.752001
1284,18.008667
1285,16.408667
1286,16.167334
1287,16.076000
1288,15.824667
1289,15.878000
1290,16.167334
1291,16.209999
1292,16.999332
1293,17.381332
1294,17.016666
1295,16.145332
1296,15.384667
1297,14.591333
1298,14.668667
1299,14.989333
1300,16.199333
1301,16.565332
1302,16.604000
1303,15.908667
1304,16.512667
1305,16.371332
1306,16.128668
1307,16.544666
1308,16.594000
1309,16.565332
1310,16.682667
1311,16.879333
1312,16.904667
1313,17.483334
1314,17.471333
1315,17.374666
1316,17.613333
1317,17.396000
1318,17.403999
1319,17.541332
1320,17.127333
1321,16.562000
1322,16.443333
1323,16.559999
1324,15.992000
1325,16.504667
1326,16.410000
1327,16.097334
1328,15.464000
1329,15.114667
1330,14.712667
1331,14.372000
1332,14.616667
1333,14.458667
1334,14.754000
1335,15.134000
1336,15.206667
1337,14.202000
1338,14.006000
1339,14.114667
1340,13.939333
1341,14.350667
1342,14.023333
1343,14.197333
1344,14.108667
1345,13.795333
1346,14.252667
1347,13.890000
1348,15.442000
1349,15.451333
1350,15.490667
1351,15.022000
1352,14.433333
1353,14.605333
1354,14.196000
1355,13.812667
1356,14.287333
1357,14.266667
1358,14.738000
1359,14.786667
1360,14.667333
1361,14.516667
1362,14.550000
1363,15.309333
1364,15.440667
1365,15.350667
1366,15.812667
1367,15.466000
1368,15.514000
1369,15.358667
1370,15.408667
1371,15.114667
1372,14.968000
1373,15.138000
1374,14.468000
1375,14.572000
1376,14.739333
1377,15.634000
1378,15.559333
1379,15.364000
1380,15.504000
1381,15.330000
1382,15.313333
1383,15.371333
1384,15.263333
1385,15.812667
1386,15.872667
1387,16.000668
1388,14.894000
1389,14.895333
1390,14.602667
1391,14.376667
1392,14.066667
1393,13.856667
1394,13.998000
1395,13.354000
1396,13.745333
1397,13.666000
1398,13.648000
1399,13.246667
1400,13.331333
1401,13.503333
1402,13.092000
1403,12.904000
1404,12.538000
1405,12.646667
1406,12.746667
1407,13.129333
1408,12.185333
1409,11.565333
1410,11.688667
1411,10.840000
1412,9.866000
1413,9.883333
1414,9.578000
1415,10.031333
1416,10.069333
1417,10.344667
1418,11.245333
1419,11.118000
1420,11.105333
1421,11.849333
1422,11.814000
1423,11.933333
1424,12.495333
1425,12.689333
1426,12.795333
1427,12.423333
1428,12.556000
1429,13.049333
1430,13.402667
1431,13.686000
1432,13.506667
1433,13.914667
1434,13.678667
1435,13.833333
1436,14.343333
1437,14.556000
1438,14.795333
1439,15.092000
1440,15.516000
1441,15.888000
1442,15.616000
1443,14.838667
1444,15.183333
1445,15.350667
1446,15.342000
1447,15.126000
1448,15.318000
1449,15.839333
1450,16.466000
1451,17.031334
1452,17.694668
1453,17.146667
1454,16.671333
1455,16.661333
1456,16.521334
1457,16.968666
1458,16.790667
1459,16.967333
1460,16.925333
1461,16.491333
1462,16.664667
1463,16.552668
1464,16.916668
1465,16.788000
1466,16.916000
1467,16.764668
1468,16.514000
1469,16.050667
1470,16.120001
1471,15.488000
1472,14.837333
1473,14.102000
1474,14.328667
1475,13.928000
1476,13.912667
1477,13.930667
1478,13.818667
1479,13.840667
1480,13.886000
1481,13.644000
1482,14.078000
1483,14.347333
1484,14.685333
1485,14.414667
1486,14.527333
1487,14.638667
1488,15.008000
1489,14.869333
1490,14.882000
1491,14.637333
1492,14.597333
1493,14.599333
1494,14.712000
1495,15.489333
1496,15.701333
1497,15.290667
1498,14.586000
1499,14.524667
1500,14.330667
1501,14.513333
1502,14.528667
1503,14.364667
1504,14.646667
1505,14.640667
1506,13.110667
1507,13.093333
1508,12.876667
1509,13.236667
1510,13.452667
1511,14.012667
1512,14.152000
1513,14.433333
1514,14.265333
1515,14.296000
1516,14.396000
1517,14.452000
1518,14.985333
1519,14.976667
1520,14.835333
1521,14.768667
1522,14.693333
1523,15.083333
1524,15.017333
1525,15.224000
1526,14.700000
1527,14.818000
1528,15.334000
1529,15.300667
1530,15.232667
1531,15.374000
1532,15.652667
1533,15.334000
1534,15.146667
1535,15.052667
1536,15.374000
1537,15.335333
1538,15.077333
1539,15.272000
1540,15.043333
1541,14.994000
1542,15.040667
1543,15.039333
1544,14.907333
1545,14.882667
1546,14.900667
1547,15.000000
1548,14.862000
1549,14.989333
1550,14.841333
1551,14.730667
1552,14.666000
1553,14.346667
1554,14.089333
1555,14.134000
1556,13.384667
1557,13.185333
1558,13.522000
1559,13.447333
1560,13.157333
1561,12.964667
1562,13.220000
1563,13.070000
1564,13.094000
1565,13.361333
1566,13.693333
1567,13.756000
1568,13.642667
1569,13.681333
1570,13.762000
1571,13.830000
1572,13.932667
1573,13.720667
1574,13.751333
1575,13.380000
1576,13.602000
1577,14.246667
1578,14.094000
1579,13.897333
1580,13.400000
1581,13.107333
1582,13.396667
1583,13.340000
1584,13.434000
1585,13.349333
1586,13.100667
1587,12.930667
1588,13.273333
1589,13.570667
1590,13.273333
1591,13.339333
1592,13.517333
1593,13.489333
1594,13.482667
1595,13.600667
1596,13.331333
1597,13.182000
1598,12.719333
1599,12.534667
1600,12.494667
1601,12.704000
1602,12.880667
1603,12.996000
1604,12.670667
1605,12.356667
1606,12.570667
1607,12.096667
1608,12.251333
1609,12.262000
1610,12.577333
1611,12.334667
1612,12.301333
1613,12.744667
1614,12.876000
1615,13.110000
1616,13.074667
1617,12.638000
1618,12.626667
1619,12.125333
1620,12.098000
1621,12.453333
1622,12.390000
1623,12.876667
1624,12.819333
1625,12.812000
1626,12.828667
1627,13.210000
1628,13.246000
1629,13.172000
1630,13.499333
1631,13.515333
1632,13.919333
1633,13.846667
1634,13.896667
1635,14.222667
1636,14.635333
1637,14.649333
1638,14.312000
1639,14.246000
1640,14.466000
1641,15.132667
1642,15.116667
1643,15.267333
1644,15.418667
1645,15.324667
1646,15.315333
1647,15.306000
1648,15.850000
1649,15.705333
1650,15.890667
1651,16.250668
1652,16.315332
1653,16.594667
1654,16.974001
1655,16.964666
1656,16.834000
1657,16.863333
1658,16.708668
1659,16.795334
1660,16.615999
1661,16.770000
1662,16.755333
1663,17.184668
1664,17.165333
1665,17.472000
1666,17.946667
1667,17.948668
1668,18.706667
1669,18.732000
1670,18.650667
1671,17.930000
1672,18.148666
1673,18.492666
1674,18.233999
1675,17.066000
1676,17.133333
1677,16.415333
1678,16.666000
1679,16.667999
1680,16.698668
1681,16.771334
1682,16.747334
1683,16.572666
1684,16.458000
1685,16.326668
1686,16.246000
1687,16.411333
1688,17.200001
1689,17.048668
1690,17.469999
1691,17.433332
1692,17.461332
1693,16.712000
1694,17.000668
1695,16.985332
1696,17.544001
1697,18.014668
1698,18.496668
1699,18.492001
1700,18.528000
1701,18.553333
1702,19.901333
1703,20.246668
1704,19.666668
1705,19.913334
1706,20.169333
1707,20.826000
1708,20.580667
1709,19.789333
1710,20.266666
1711,20.096001
1712,20.016666
1713,20.368000
1714,20.167334
1715,20.373333
1716,20.535334
1717,20.919333
1718,20.677999
1719,20.575333
1720,20.938000
1721,21.521999
1722,21.259333
1723,20.734667
1724,19.697332
1725,20.556667
1726,20.479334
1727,21.417334
1728,21.681334
1729,21.540001
1730,21.653999
1731,21.058666
1732,21.134001
1733,20.407333
1734,20.870667
1735,20.722000
1736,20.690001
1737,20.257334
1738,20.681334
1739,21.122000
1740,21.676001
1741,22.340000
1742,22.733999
1743,22.691334
1744,22.656668
1745,23.154667
1746,23.523333
1747,23.976667
1748,24.666668
1749,23.821333
1750,23.934000
1751,25.063334
1752,25.377333
1753,25.022667
1754,24.760000
1755,24.653334
1756,24.816000
1757,25.093332
1758,25.507334
1759,25.563334
1760,25.166000
1761,24.158001
1762,24.749332
1763,24.049999
1764,24.107332
1765,23.507999
1766,21.806000
1767,20.588667
1768,20.881332
1769,21.070000
1770,21.814667
1771,21.968000
1772,21.560667
1773,21.851999
1774,21.304667
1775,21.882668
1776,21.684000
1777,21.994667
1778,21.893333
1779,22.834667
1780,22.639999
1781,22.923332
1782,22.297333
1783,22.337999
1784,21.564667
1785,21.304667
1786,21.726000
1787,23.139334
1788,23.794001
1789,23.677999
1790,24.348000
1791,24.235332
1792,23.693333
1793,23.858000
1794,24.253332
1795,24.155333
1796,24.194000
1797,23.461332
1798,23.164000
1799,22.524000
1800,22.756666
1801,23.518000
1802,23.528667
1803,23.203333
1804,23.044001
1805,23.157333
1806,23.545334
1807,23.726667
1808,23.693333
1809,23.306000
1810,22.968666
1811,23.374001
1812,22.893333
1813,24.246000
1814,24.183332
1815,24.415333
1816,25.176001
1817,25.320667
1818,25.666668
1819,25.006666
1820,24.927334
1821,24.431999
1822,23.406000
1823,22.999332
1824,23.016666
1825,22.731333
1826,22.639999
1827,22.740000
1828,22.768667
1829,23.209333
1830,23.667334
1831,23.688667
1832,23.792000
1833,22.862667
1834,23.705999
1835,23.639999
1836,23.712000
1837,23.704666
1838,23.373333
1839,23.716667
1840,23.976667
1841,23.454000
1842,23.006666
1843,22.468000
1844,22.489332
1845,21.722668
1846,21.744667
1847,21.391333
1848,21.338667
1849,22.101999
1850,21.405333
1851,19.950666
1852,20.406000
1853,20.185333
1854,20.403334
1855,20.292667
1856,20.199333
1857,20.199333
1858,21.026667
1859,20.580000
1860,20.753332
1861,20.833332
1862,21.003332
1863,20.582666
1864,21.187332
1865,20.840000
1866,21.036667
1867,21.120667
1868,21.170000
1869,20.502666
1870,20.590000
1871,20.435333
1872,20.346666
1873,20.246668
1874,20.884001
1875,20.749332
1876,21.008667
1877,21.927334
1878,22.735332
1879,22.601999
1880,22.525999
1881,22.896667
1882,22.591333
1883,22.073334
1884,21.931999
1885,22.110666
1886,21.680000
1887,21.152666
1888,20.775999
1889,21.024000
1890,20.756666
1891,21.368668
1892,21.150000
1893,20.974667
1894,21.105333
1895,22.427334
1896,22.246000
1897,22.320000
1898,22.530001
1899,22.414667
1900,22.670668
1901,23.143999
1902,22.971333
1903,23.334667
1904,23.437332
1905,23.519333
1906,23.059334
1907,22.509333
1908,22.856667
1909,23.302000
1910,23.054667
1911,23.620667
1912,23.283333
1913,22.916668
1914,22.208668
1915,22.264668
1916,23.000000
1917,21.015333
1918,20.694668
1919,21.048668
1920,21.577333
1921,21.487333
1922,22.271334
1923,22.365999
1924,22.318001
1925,22.219999
1926,23.077999
1927,23.469999
1928,23.827999
1929,23.399332
1930,22.870667
1931,22.062000
1932,22.341333
1933,22.223333
1934,21.879999
1935,22.153334
1936,21.940001
1937,21.811333
1938,23.034000
1939,22.789333
1940,21.775333
1941,21.706667
1942,21.423332
1943,20.903999
1944,20.703333
1945,21.101999
1946,20.606667
1947,20.102667
1948,20.278667
1949,18.612000
1950,17.185333
1951,17.742001
1952,16.832001
1953,17.835333
1954,19.129333
1955,20.381332
1956,19.953333
1957,19.310667
1958,20.313334
1959,20.062000
1960,19.605333
1961,20.022667
1962,19.414000
1963,19.179333
1964,19.556667
1965,20.005333
1966,19.349333
1967,18.891333
1968,18.897333
1969,18.712667
1970,19.032000
1971,19.605333
1972,19.593332
1973,19.994667
1974,20.076668
1975,18.963333
1976,19.606001
1977,20.184668
1978,20.131332
1979,20.456667
1980,20.334667
1981,20.070667
1982,19.464666
1983,18.945333
1984,19.098667
1985,18.969334
1986,18.454666
1987,18.966000
1988,18.334000
1989,18.604668
1990,18.523333
1991,18.590000
1992,18.917334
1993,19.448000
1994,18.982000
1995,19.454666
1996,19.782667
1997,19.408667
1998,21.299999
1999,21.072666
2000,21.177334
2001,22.139999
2002,22.851334
2003,22.985332
2004,23.848000
2005,23.878000
2006,24.722000
2007,23.503332
2008,24.148001
2009,23.167334
2010,22.242001
2011,22.200666
2012,22.799999
2013,22.966667
2014,23.328667
2015,22.863333
2016,22.337999
2017,20.724001
2018,20.610666
2019,20.593332
2020,21.233999
2021,21.497999
2022,21.264000
2023,21.114000
2024,21.257999
2025,20.673332
2026,21.512667
2027,21.590000
2028,21.348667
2029,20.905333
2030,20.213333
2031,19.828667
2032,20.582666
2033,20.443333
2034,19.812000
2035,19.344667
2036,19.875999
2037,20.056000
2038,23.302668
2039,23.211332
2040,22.799334
2041,25.304667
2042,24.689333
2043,23.496668
2044,23.699333
2045,23.760668
2046,23.176001
2047,22.579332
2048,22.363333
2049,20.366667
2050,20.562668
2051,21.459999
2052,21.442667
2053,21.340000
2054,21.521334
2055,21.284666
2056,20.790667
2057,20.334000
2058,20.209999
2059,20.110666
2060,19.263332
2061,18.716000
2062,18.730000
2063,17.549334
2064,19.033333
2065,18.629333
2066,19.369333
2067,19.297333
2068,19.680000
2069,19.656000
2070,18.997334
2071,19.934668
2072,19.888666
2073,19.940001
2074,19.978666
2075,20.066000
2076,20.638666
2077,20.501333
2078,17.651333
2079,20.713333
2080,20.068001
2081,19.653334
2082,18.788668
2083,17.463333
2084,16.704000
2085,17.520000
2086,17.125334
2087,16.815332
2088,17.252001
2089,17.306000
2090,18.439333
2091,18.118668
2092,17.594000
2093,17.333332
2094,17.396667
2095,19.609333
2096,19.233334
2097,20.990667
2098,22.059999
2099,22.323334
2100,21.993334
2101,22.488001
2102,22.952000
2103,23.094000
2104,22.760000
2105,22.737333
2106,23.210667
2107,23.426666
2108,23.367332
2109,22.085333
2110,22.582001
2111,22.933332
2112,23.229334
2113,23.620667
2114,23.564667
2115,23.166000
2116,22.546000
2117,21.722000
2118,23.066668
2119,22.927999
2120,23.191334
2121,22.744667
2122,23.365334
2123,23.899332
2124,23.980000
2125,24.204000
2126,23.864668
2127,24.343332
2128,24.450666
2129,24.440001
2130,25.119333
2131,24.380667
2132,23.228001
2133,22.468666
2134,22.198000
2135,21.025333
2136,21.318001
2137,19.692667
2138,21.739332
2139,21.075333
2140,22.257999
2141,22.186666
2142,20.674667
2143,20.024000
2144,21.179333
2145,22.330667
2146,22.356667
2147,22.568666
2148,22.997999
2149,23.150667
2150,22.293333
2151,22.962000
2152,23.070000
2153,23.153999
2154,20.150667
2155,19.927999
2156,19.172667
2157,19.434000
2158,19.802668
2159,19.758667
2160,19.830667
2161,20.584667
2162,20.468000
2163,20.813999
2164,20.859333
2165,21.423332
2166,21.148001
2167,20.500668
2168,20.386667
2169,20.856001
2170,20.787333
2171,20.544666
2172,20.251333
2173,20.525333
2174,20.375999
2175,20.170668
2176,19.415333
2177,19.647333
2178,19.917999
2179,19.857332
2180,20.982668
2181,21.325333
2182,19.652666
2183,19.024000
2184,18.436001
2185,18.416000
2186,18.439333
2187,18.942667
2188,19.394667
2189,18.890667
2190,19.264000
2191,19.330667
2192,18.362000
2193,17.966000
2194,17.831333
2195,18.240000
2196,18.268000
2197,17.635332
2198,17.361334
2199,17.851334
2200,18.322001
2201,18.574667
2202,18.657333
2203,19.278667
2204,19.058666
2205,19.454000
2206,17.851999
2207,18.330667
2208,18.213333
2209,18.153999
2210,18.403999
2211,17.894667
2212,17.846666
2213,17.758667
2214,18.224001
2215,18.082001
2216,18.217333
2217,17.516666
2218,17.593332
2219,17.243999
2220,16.508667
2221,15.676000
2222,16.098000
2223,15.912667
2224,15.600667
2225,16.273333
2226,17.002001
2227,17.022667
2228,16.470667
2229,16.322666
2230,16.132000
2231,15.968000
2232,15.134000
2233,15.487333
2234,15.463333
2235,15.222000
2236,14.068667
2237,13.690667
2238,13.672000
2239,12.848667
2240,13.032667
2241,12.708667
2242,12.580000
2243,12.657333
2244,12.548000
2245,12.344000
2246,11.931333
2247,12.906667
2248,13.106000
2249,13.730000
2250,13.633333
2251,14.192000
2252,14.473333
2253,13.950667
2254,14.260667
2255,14.328000
2256,15.002000
2257,14.982667
2258,15.095333
2259,14.641333
2260,14.790667
2261,14.909333
2262,14.650667
2263,14.618000
2264,14.856000
2265,14.897333
2266,15.144667
2267,14.970000
2268,15.660000
2269,15.540000
2270,15.356000
2271,15.337333
2272,15.928000
2273,15.906667
2274,16.338667
2275,16.900000
2276,16.825333
2277,16.990667
2278,16.902666
2279,17.212000
2280,17.045334
2281,17.344667
2282,17.658667
2283,15.254667
2284,15.202667
2285,15.718000
2286,16.150667
2287,16.107332
2288,15.590000
2289,15.622667
2290,15.221333
2291,15.383333
2292,15.561333
2293,15.886667
2294,15.667333
2295,15.267333
2296,15.666667
2297,14.641333
2298,14.376000
2299,14.662667
2300,15.122000
2301,15.057333
2302,14.722000
2303,14.810000
2304,14.093333
2305,14.333333
2306,14.272000
2307,14.372667
2308,14.780667
2309,15.040667
2310,15.000667
2311,14.712000
2312,15.305333
2313,15.163333
2314,15.452667
2315,15.702667
2316,16.473333
2317,16.391333
2318,16.346666
2319,16.187332
2320,16.319332
2321,16.232668
2322,16.440001
2323,16.041332
2324,16.082001
2325,14.880667
2326,15.246667
2327,16.170668
2328,16.142000
2329,16.058001
2330,16.312668
2331,16.208668
2332,15.535333
2333,15.428667
2334,15.848000
2335,16.003332
2336,16.302000
2337,16.316000
2338,16.525999
2339,17.130667
2340,17.192667
2341,17.316668
2342,17.464666
2343,17.129999
2344,16.900000
2345,17.038668
2346,16.978666
2347,19.978666
2348,21.875334
2349,21.847334
2350,21.081333
2351,21.000668
2352,20.994667
2353,20.887333
2354,21.164667
2355,21.148001
2356,21.771999
2357,22.369333
2358,22.476000
2359,23.006001
2360,23.328667
2361,23.073999
2362,23.290001
2363,23.478001
2364,23.332666
2365,23.968000
2366,23.481333
2367,23.655333
2368,22.202667
2369,22.422667
2370,21.927999
2371,22.086000
2372,21.996000
2373,22.324667
2374,22.413334
2375,22.202000
2376,22.024668
2377,22.392668
2378,22.635332
2379,23.256001
2380,23.513332
2381,23.978666
2382,23.892668
2383,25.433332
2384,25.266001
2385,26.209999
2386,26.936001
2387,27.039333
2388,27.948000
2389,28.350000
2390,28.729334
2391,28.691999
2392,27.646667
2393,27.888666
2394,28.684000
2395,29.534000
2396,30.102667
2397,31.270666
2398,32.809334
2399,32.089333
2400,31.876667
2401,34.990665
2402,35.861332
2403,34.566666
2404,34.232666
2405,34.033333
2406,36.480000
2407,37.970669
2408,38.146667
2409,37.654667
2410,37.201332
2411,37.793331
2412,38.732666
2413,42.720669
2414,43.371334
2415,52.000000
2416,59.137333
2417,48.980000
2418,49.930668
2419,49.871334
2420,51.418667
2421,51.625332
2422,51.152668
2423,53.599998
2424,53.335335
2425,57.226665
2426,61.161331
2427,59.960667
2428,60.066666
2429,55.585999
2430,53.327332
2431,51.919998
2432,45.266666
2433,44.532665
2434,49.574669
2435,49.700668
2436,49.966667
2437,48.302666
2438,46.898666
2439,40.533333
2440,43.021999
2441,42.282001
2442,37.369999
2443,36.441334
2444,29.671333
2445,28.680000
2446,24.081333
2447,28.509333
2448,28.502001
2449,28.952667
2450,33.666668
2451,35.950001
2452,35.210667
2453,34.290668
2454,33.475334
2455,34.933334
2456,32.104000
2457,30.298000
2458,32.000668
2459,34.416000
2460,36.363335
2461,36.589333
2462,38.200001
2463,43.396667
2464,47.326000
2465,48.655334
2466,49.680668
2467,50.259335
2468,49.757332
2469,45.781334
2470,48.807335
2471,47.042000
2472,48.343334
2473,53.250000
2474,51.274666
2475,53.367332
2476,52.125332
2477,46.754665
2478,50.745998
2479,51.214001
2480,52.172001
2481,52.002666
2482,54.627998
2483,54.085999
2484,53.960667
2485,52.730667
2486,53.555332
2487,53.278000
2488,54.242001
2489,53.867332
2490,54.370667
2491,55.173332
2492,54.458668
2493,54.591331
2494,54.681999
2495,53.720669
2496,55.666668
2497,59.873333
2498,58.770668
2499,58.863998
2500,57.625332
2501,59.043999
2502,63.327999
2503,62.711334
2504,68.336670
2505,64.856003
2506,62.352001
2507,66.059998
2508,65.475334
2509,66.119331
2510,66.930664
2511,66.726669
2512,66.288002
2513,66.785332
2514,64.056664
2515,65.732002
2516,63.982666
2517,67.290001
2518,71.987335
2519,74.641998
2520,80.577332
2521,91.438667
2522,92.657333
2523,91.058670
2524,92.952003
2525,102.976669
2526,99.804001
2527,101.120003
2528,103.067329
2529,100.042664
2530,100.056000
2531,109.533333
2532,104.557335
2533,106.155334
2534,100.871330
2535,94.466667
2536,102.639999
2537,98.432671
2538,99.940666
2539,99.166000
2540,95.384003
2541,99.000000
2542,99.133331
2543,99.001335
2544,99.305336
2545,96.847336
2546,94.571335
2547,91.625999
2548,103.650665
2549,108.066666
2550,110.047333
2551,122.375999
2552,125.806000
2553,125.235336
2554,133.455338
2555,136.665329
2556,134.279999
2557,134.889328
2558,143.544662
2559,149.250000
2560,147.559998
2561,166.106674
2562,158.350006
2563,149.123337
2564,135.666672
2565,139.440002
2566,110.070000
2567,122.093330
2568,123.779999
2569,124.239998
2570,139.873337
2571,149.919998
2572,147.253326
2573,141.143326
2574,147.383331
2575,149.796661
2576,141.410004
2577,126.786667
2578,129.263336
2579,135.779999
2580,140.399994
2581,139.690002
2582,143.003326
2583,149.386673
2584,138.363327
2585,141.893326
2586,137.993332
2587,141.766663
2588,141.973328
2589,144.666672
2590,147.433334
2591,148.883331
2592,153.766663
2593,149.626663
2594,146.556671
2595,143.610001
2596,140.646667
2597,140.880005
2598,141.929993
2599,140.210007
2600,140.093338
2601,141.559998
2602,135.339996
2603,136.943329
2604,129.346664
2605,133.503326
2606,141.300003
2607,140.326660
2608,146.029999
2609,143.316666
2610,140.419998
2611,136.786667
2612,139.043335
2613,137.253326
2614,136.166672
2615,136.029999
2616,147.203339
2617,162.213333
2618,166.423340
2619,163.203339
2620,173.949997
2621,185.126663
2622,191.333328
2623,195.253326
2624,189.199997
2625,194.919998
2626,189.606674
2627,197.793335
2628,199.679993
2629,213.919998
2630,216.626663
2631,201.493332
2632,209.023331
2633,203.330002
2634,213.276672
2635,211.083328
2636,207.589996
2637,218.633331
2638,231.666672
2639,216.619995
2640,213.446671
2641,215.326660
2642,220.589996
2643,221.229996
2644,221.996674
2645,231.593338
2646,235.223328
2647,243.256668
2648,245.036667
2649,251.993332
2650,272.013336
2651,293.339996
2652,270.396667
2653,283.146667
2654,284.803345
2655,281.666656
2656,275.386658
2657,281.516663
2658,283.483337
2659,281.663330
2660,282.213318
2661,293.600006
2662,294.363342
2663,288.053345
2664,278.476654
2665,264.510010
2666,279.936676
2667,290.929993
2668,284.896667
2669,283.329987
2670,284.076660
2671,287.806671
2672,283.153320
2673,268.273346
2674,270.553345
2675,272.040009
2676,265.406677
2677,266.049988
2678,262.459991
2679,260.433319
2680,238.166672
2681,232.946671
2682,247.339996
2683,227.406662
2684,225.166672
2685,239.476669
2686,228.813339
2687,217.733337
2688,207.146667
2689,199.316666
2690,187.666672
2691,224.526672
2692,222.686661
2693,233.199997
2694,231.243332
2695,235.979996
2696,225.626663
2697,233.936661
2698,217.720001
2699,218.289993
2700,223.333328
2701,220.720001
2702,210.089996
2703,213.463333
2704,206.236664
2705,203.763336
2706,211.873337
2707,222.643326
2708,220.583328
2709,230.350006
2710,230.539993
2711,223.656662
2712,227.933334
2713,225.673340
2714,233.993332
2715,254.106674
2716,244.076660
2717,246.283340
2718,246.593338
2719,238.210007
2720,239.663330
2721,248.039993
2722,239.896667
2723,243.133331
2724,246.066666
2725,234.913330
2726,231.466660
2727,225.666672
2728,236.479996
2729,228.300003
2730,224.533340
2731,223.646667
2732,221.179993
2733,224.123337
2734,209.679993
2735,205.733337
2736,196.630005
2737,190.563339
2738,196.580002
2739,192.276672
2740,192.623337
2741,187.820007
2742,195.593338
2743,193.626663
2744,202.146667
2745,201.563339
2746,206.376663
2747,210.283340
2748,208.406662
2749,207.966660
2750,201.706665
2751,190.946671
2752,199.683334
2753,201.710007
2754,201.196671
2755,199.593338
2756,203.373337
2757,203.296661
2758,205.896667
2759,199.786667
2760,201.623337
2761,205.533340
2762,207.770004
2763,206.943329
2764,207.903336
2765,218.856674
2766,226.606674
2767,223.956665
2768,229.573334
2769,226.919998
2770,226.566666
2771,225.973328
2772,226.300003
2773,219.860001
2774,214.883331
2775,217.603333
2776,218.983337
2777,228.566666
2778,222.846664
2779,217.793335
2780,216.866669
2781,214.740005
2782,215.406662
2783,220.166672
2784,218.429993
2785,216.419998
2786,214.460007
2787,219.206665
2788,214.926666
2789,215.660004
2790,225.783340
2791,229.066666
2792,236.556671
2793,236.580002
2794,236.973328
2795,238.210007
2796,233.033340
2797,237.919998
2798,236.663330
2799,235.940002
2800,240.750000
2801,239.056671
2802,228.723328
2803,221.903336
2804,229.663330
2805,224.490005
2806,226.753326
2807,235.433334
2808,236.163330
2809,237.066666
2810,233.720001
2811,237.306671
2812,243.636673
2813,245.240005
2814,244.696671
2815,244.130005
2816,244.523331
2817,250.973328
2818,251.289993
2819,251.619995
2820,245.423340
2821,247.666672
2822,248.163330
2823,251.943329
2824,252.330002
2825,253.163330
2826,243.389999
2827,246.460007
2828,250.646667
2829,251.213333
2830,258.130005
2831,263.786682
2832,259.186676
2833,260.436676
2834,258.493347
2835,258.406677
2836,260.510010
2837,260.196655
2838,260.916656
2839,264.536682
2840,261.829987
2841,263.980011
2842,268.573334
2843,270.359985
2844,272.773346
2845,281.010010
2846,290.036682
2847,288.089996
2848,288.600006
2849,298.000000
2850,303.226654
2851,341.619995
2852,339.476654
2853,345.953339
2854,359.013336
2855,371.333344
2856,402.863342
2857,390.666656
2858,404.619995
2859,409.970001
2860,407.363342
2861,387.646667
2862,341.166656
2863,355.983337
2864,354.503326
2865,344.473328
2866,337.796661
2867,351.576660
2868,363.003326
2869,365.459991
2870,379.019989
2871,385.623322
2872,369.676666
2873,372.000000
2874,360.640015
2875,378.996674
2876,381.586670
2877,365.000000
2878,361.533325
2879,338.323334
2880,336.336670
2881,350.583344
2882,356.320007
2883,334.600006
2884,339.010010
2885,322.136658
2886,319.503326
2887,325.329987
2888,308.973328
2889,310.856659
2890,299.980011
2891,312.843323
2892,336.290009
2893,355.666656
2894,364.646667
2895,362.823334
2896,362.063324
2897,356.779999
2898,352.260010
2899,399.926666
2900,383.196655
2901,362.706665
2902,354.899994
2903,342.320007
2904,352.706665
2905,354.799988
2906,368.739990
2907,343.853333
2908,349.869995
2909,343.503326
2910,331.883331
2911,332.089996
2912,314.633331
2913,310.000000
2914,306.133331
2915,312.470001
2916,276.366669
2917,282.116669
2918,312.239990
2919,310.416656
2920,301.886658
2921,297.046661
2922,307.773346
2923,302.446655
2924,307.333344
2925,310.666656
2926,301.516663
2927,286.666656
2928,291.920013
2929,307.476654
2930,307.796661
2931,292.116669
2932,285.660004
2933,273.843323
2934,254.679993
2935,266.923340
2936,269.956665
2937,290.143341
2938,288.123322
2939,293.296661
2940,279.763336
2941,279.429993
2942,268.193329
2943,274.799988
2944,286.323334
2945,279.433319
2946,265.116669
2947,255.456665
2948,267.296661
2949,280.076660
2950,290.533325
2951,301.796661
2952,307.053345
2953,331.326660
2954,333.036682
2955,337.973328
2956,336.880005
2957,363.946655
2958,366.523346
2959,364.663330
2960,359.200012
2961,361.529999
2962,381.816681
2963,363.753326
2964,348.586670
2965,352.420013
2966,341.829987
2967,325.309998
2968,328.983337
2969,340.790009
2970,328.333344
2971,334.763336
2972,342.716675
2973,325.733337
2974,336.260010
2975,335.016663
2976,332.673340
2977,292.140015
2978,293.836670
2979,292.503326
2980,290.253326
2981,300.980011
2982,303.083344
2983,317.540009
2984,291.093323
2985,288.549988
2986,262.369995
2987,266.679993
2988,244.666672
2989,242.666672
2990,256.529999
2991,241.456665
2992,253.869995
2993,236.603333
2994,236.473328
2995,221.300003
2996,224.966660
2997,209.386673
2998,219.600006
2999,235.910004
3000,253.210007
3001,252.753326
3002,246.789993
3003,258.333344
3004,234.516663
3005,238.279999
3006,238.886673
3007,241.866669
3008,239.706665
3009,232.229996
3010,215.736664
3011,220.889999
3012,233.000000
3013,213.100006
3014,216.759995
3015,237.036667
3016,236.086670
3017,235.070007
3018,245.706665
3019,244.919998
3020,232.663330
3021,228.490005
3022,224.473328
3023,227.263336
3024,233.066666
3025,231.733337
3026,244.543335
3027,250.763336
3028,234.343338
3029,233.070007
3030,237.039993
3031,238.313339
3032,240.066666
3033,240.546661
3034,245.529999
3035,247.500000
3036,271.706665
3037,272.243347
3038,268.433319
3039,258.859985
3040,274.820007
3041,280.899994
3042,297.149994
3043,297.276672
3044,300.586670
3045,307.396667
3046,308.633331
3047,288.170013
3048,290.423340
3049,283.333344
3050,294.356659
3051,286.630005
3052,300.029999
3053,309.320007
3054,306.563324
3055,303.996674
3056,302.869995
3057,296.666656
3058,289.913330
3059,296.453339
3060,297.096680
3061,296.070007
3062,288.089996
3063,284.820007
3064,277.700012
3065,275.609985
3066,277.160004
3067,270.209991
3068,274.420013
3069,283.700012
3070,289.260010
3071,299.679993
3072,304.420013
3073,292.130005
3074,302.609985
3075,303.750000
3076,303.350006
3077,309.070007
3078,308.730011
3079,300.799988
3080,288.589996
3081,275.329987
3082,276.010010
3083,282.940002
3084,287.809998
3085,268.209991
3086,265.250000
3087,242.399994
3088,249.440002
3089,240.809998
3090,238.130005
3091,223.070007
3092,222.960007
3093,216.500000
3094,217.240005
3095,221.720001
3096,204.990005
3097,219.350006
3098,220.190002
3099,222.039993
3100,207.279999
3101,214.440002
3102,211.250000
3103,222.419998
3104,224.639999
3105,225.089996
3106,228.520004
3107,227.539993
3108,227.820007
3109,214.979996
3110,215.309998
3111,207.470001
3112,197.080002
3113,191.300003
3114,177.589996
3115,190.720001
3116,195.970001
3117,190.949997
3118,194.419998
3119,186.919998
3120,183.169998
3121,180.190002
3122,167.869995
3123,169.910004
3124,183.199997
3125,182.860001
3126,182.919998
3127,180.830002
3128,194.699997
3129,194.699997
3130,194.860001
3131,182.449997
3132,179.820007
3133,174.039993
3134,173.440002
3135,179.050003
3136,167.820007
3137,160.949997
3138,156.800003
3139,157.669998
3140,150.229996
3141,149.869995
3142,137.800003
3143,137.570007
3144,125.349998
3145,123.150002
3146,109.099998
3147,112.709999
3148,121.820000
3149,123.180000
3150,108.099998
3151,113.639999
3152,110.339996
3153,113.059998
3154,119.769997
3155,118.849998
3156,123.220001
3157,123.559998
3158,122.400002
3159,131.490005
3160,128.779999
3161,127.169998
3162,133.419998
3163,143.750000
3164,143.889999
3165,144.429993
3166,160.270004
3167,177.899994
3168,166.660004
3169,173.220001
3170,181.410004
3171,188.270004
3172,189.979996
3173,194.759995
3174,196.809998
3175,201.289993
3176,207.320007
3177,196.889999
3178,194.639999
3179,209.250000
3180,214.240005
3181,202.039993
3182,208.309998
3183,197.369995
3184,200.860001
3185,202.070007
3186,196.880005
3187,207.630005
3188,205.710007
3189,202.770004
3190,190.899994
3191,197.789993
3192,193.809998
3193,187.710007
3194,182.000000
3195,172.919998
3196,173.440002
3197,174.479996
3198,183.259995
3199,180.449997
3200,184.130005
3201,180.130005
3202,183.250000
3203,197.580002
3204,191.149994
3205,192.220001
3206,190.410004
3207,191.809998
3208,189.190002
3209,193.880005
3210,195.279999
3211,207.460007
3212,194.770004
3213,192.580002
3214,185.520004
3215,185.059998
3216,184.509995
3217,186.789993
3218,180.539993
3219,185.899994
3220,185.000000
3221,187.039993
3222,184.309998
3223,180.589996
3224,162.990005
3225,165.080002
3226,162.550003
3227,160.669998
3228,153.750000
3229,160.190002
3230,164.309998
3231,161.830002
3232,160.309998
3233,160.610001
3234,161.199997
3235,170.059998
3236,171.789993
3237,169.149994
3238,168.539993
3239,172.080002
3240,167.979996
3241,166.350006
3242,166.520004
3243,173.860001
3244,176.889999
3245,180.139999
3246,188.869995
3247,185.770004
3248,182.899994
3249,184.470001
3250,193.169998
3251,201.160004
3252,203.929993
3253,207.520004
3254,213.970001
3255,217.610001
3256,221.309998
3257,224.570007
3258,234.860001
3259,244.399994
3260,249.830002
3261,258.709991
3262,256.790009
3263,255.899994
3264,260.540009
3265,274.450012
3266,259.459991
3267,264.609985
3268,256.600006
3269,241.050003
3270,250.210007
3271,256.239990
3272,257.500000
3273,261.769989
3274,279.820007
3275,282.480011
3276,276.540009
3277,274.429993
3278,269.609985
3279,269.790009
3280,271.989990
3281,277.899994
3282,281.380005
3283,290.380005
3284,293.339996
3285,291.260010
3286,262.899994
3287,260.019989
3288,269.059998
3289,265.279999
3290,264.350006
3291,255.710007
3292,266.440002
3293,267.429993
3294,261.070007
3295,254.110001
3296,259.320007
3297,253.860001
3298,251.449997
3299,249.699997
3300,242.190002
3301,245.339996
3302,242.649994
3303,239.759995
3304,232.960007
3305,225.600006
3306,219.220001
3307,215.490005
3308,231.279999
3309,233.190002
3310,236.860001
3311,230.039993
3312,238.589996
3313,238.820007
3314,257.179993
3315,256.899994
3316,258.079987
3317,245.009995
3318,256.489990
3319,251.919998
3320,251.490005
3321,248.500000
3322,273.579987
3323,267.480011
3324,271.299988
3325,276.040009
3326,274.390015
3327,265.279999
3328,266.500000
3329,262.589996
3330,255.699997
3331,244.880005
3332,246.990005
3333,244.119995
3334,240.500000
3335,246.380005
3336,250.220001
3337,251.600006
3338,246.529999
3339,261.160004
3340,260.049988
3341,260.529999
3342,259.670013
3343,263.619995
3344,262.989990
3345,258.869995
3346,251.119995
3347,253.919998
3348,254.850006
3349,242.679993
3350,220.110001
3351,211.990005
3352,212.080002
3353,216.520004
3354,212.419998
3355,205.759995
3356,207.300003
3357,197.360001
3358,200.839996
3359,205.660004
3360,218.509995
3361,219.960007
3362,219.270004
3363,222.179993
3364,222.110001
3365,209.979996
3366,214.649994
3367,223.710007
3368,237.410004
3369,242.839996
3370,233.589996
3371,234.300003
3372,235.600006
3373,241.199997
3374,234.210007
3375,235.449997
3376,236.080002
3377,246.720001
3378,244.139999
3379,240.080002
3380,238.830002
3381,235.580002
3382,238.720001
3383,239.369995
3384,242.639999
3385,243.839996
3386,239.740005
3387,237.009995
3388,239.289993
3389,251.050003
3390,253.500000
3391,252.080002
3392,257.220001
3393,247.139999
3394,254.500000
3395,252.539993
3396,256.609985
3397,261.440002
3398,253.179993
3399,248.479996
3400,248.419998
3401,238.449997
3402,237.929993
3403,237.490005
3404,240.449997
3405,234.960007
3406,233.940002
3407,227.220001
3408,218.889999
3409,219.910004
3410,215.550003
3411,211.880005
3412,212.190002
3413,208.800003
3414,209.139999
3415,207.830002
3416,182.630005
3417,183.250000
3418,190.929993
3419,191.589996
3420,187.289993
3421,188.860001
3422,187.910004
3423,181.059998
3424,185.100006
3425,187.580002
3426,189.559998
3427,193.570007
3428,188.130005
3429,184.020004
3430,188.710007
3431,200.449997
3432,199.949997
3433,193.759995
3434,194.770004
3435,197.410004
3436,191.970001
3437,199.399994
3438,199.729996
3439,202.039993
3440,201.880005
3441,202.639999
3442,188.139999
3443,180.740005
3444,176.539993
3445,178.649994
3446,175.339996
3447,177.770004
3448,177.539993
3449,169.479996
3450,162.500000
3451,163.570007
3452,173.800003
3453,171.320007
3454,175.660004
3455,172.820007
3456,170.830002
3457,172.630005
3458,177.669998
3459,179.830002
3460,175.789993
3461,175.220001
3462,166.630005
3463,168.380005
3464,171.110001
3465,164.899994
3466,172.979996
3467,176.880005
3468,171.759995
3469,174.600006
3470,171.050003
3471,161.479996
3472,157.110001
3473,155.449997
3474,149.929993
3475,147.050003
3476,142.050003
3477,144.679993
3478,162.130005
3479,170.179993
3480,168.289993
3481,194.050003
3482,183.279999
3483,179.990005
3484,180.009995
3485,181.190002
3486,184.759995
3487,177.809998
3488,174.720001
3489,171.970001
3490,168.470001
3491,171.889999
3492,177.550003
3493,173.990005
3494,174.839996
3495,177.460007
3496,174.949997
3497,186.600006
3498,180.110001
3499,173.740005
3500,179.240005
3501,176.750000
3502,176.190002
3503,178.789993
3504,178.080002
3505,176.289993
3506,174.770004
3507,175.000000
3508,177.940002
3509,177.479996
3510,173.789993
3511,170.660004
3512,177.289993
3513,182.470001
3514,178.009995
3515,187.440002
3516,184.860001
3517,181.570007
3518,183.009995
3519,182.580002
3520,187.350006
3521,196.369995
3522,197.419998
3523,197.880005
3524,209.860001
3525,231.259995
3526,246.389999
3527,251.520004
3528,252.940002
